Zanui_Code,sku_supplier_simple,Stock
,,
CO511HS31MLKZANUI-299456,BR7,0
,,
CO511HS31MLKZANUI-299457,BR8,0
,,
CO511HS34MLHZANUI-299449,BR3,18
,,
CO511HS34MLHZANUI-299450,BR10,0
,,
CO511HS34MLHZANUI-299451,BR11,0
,,
CO511HS32MLJZANUI-299454,BR6,9
,,
CO511HS32MLJZANUI-299455,BR5,7
,,
CO511HS33MLIZANUI-299452,BR4,0
,,
CO511HS33MLIZANUI-299453,BR12,14
,,
CO511HS35MLGZANUI-299448,BR2,0
,,
CO511HS29MLMZANUI-299462,CH4,0
,,
CO511HS28MLNZANUI-299464,CH2,0
,,
CO511HS30MLLZANUI-299458,CH3,0
,,
CO511HS30MLLZANUI-299459,CH1,0
,,
CO511HS27MLOZANUI-299465,HA2,0
,,
CO511HS27MLOZANUI-299466,HA1,0
,,
CO511HS27MLOZANUI-299467,HA3,0
,,
CO511HS25MLQZANUI-299472,KE2,15
,,
CO511HS25MLQZANUI-299473,KE3,0
,,
CO511HS25MLQZANUI-299474,KE6,15
,,
CO511HS25MLQZANUI-299475,KE5,9
,,
CO511HS25MLQZANUI-299476,KE8,
,,
CO511HS25MLQZANUI-299469,KE4,
,,
CO511HS25MLQZANUI-299470,KE10,10
,,
CO511HS25MLQZANUI-299471,KE11,0
,,
CO511HS24MLRZANUI-299477,KE7,10
,,
CO511HS26MLPZANUI-299468,KE1,
,,
CO511HS23MLSZANUI-299478,KE9,
,,
CO511HS22MLTZANUI-299479,NH6,0
,,
CO511HS22MLTZANUI-299480,NH7,0
,,
CO511HS22MLTZANUI-299481,NH8,12
,,
CO511HS22MLTZANUI-299482,NH9,0
,,
CO511HS21MLUZANUI-299483,PA2,6
,,
CO511HS21MLUZANUI-299484,PA4,0
,,
CO511HS18MLXZANUI-299491,RI4,4
,,
CO511HS18MLXZANUI-299492,RI5,4
,,
CO511HS18MLXZANUI-299493,RI6,0
,,
CO511HS19MLWZANUI-299488,RI1,4
,,
CO511HS19MLWZANUI-299489,RI2,8
,,
CO511HS19MLWZANUI-299490,RI3,6
,,
CO511HS17MLYZANUI-299494,SO3,0
,,
CO511HS17MLYZANUI-299495,SO1,32
,,
CO511HS17MLYZANUI-299496,SO4,16
,,
CO511HS17MLYZANUI-299497,SO5,0
,,
CO511HS17MLYZANUI-299498,SO2,0
,,
CO511HS17MLYZANUI-299499,SO8,3
,,
CO511HS16MLZZANUI-299500,SO6,
,,
CO511HS15MMAZANUI-299501,SO7,4
,,
CO511HS29MLMZANUI-299462,CH4,0
,,
CO511HS29MLMZANUI-299460,CH5,5
,,
CO511HS29MLMZANUI-299461,CH6,10
,,
CO511HS20MLVZANUI-299485,PA6,14
,,
CO511HS20MLVZANUI-299486,PA3,1
,,
CO511HS20MLVZANUI-299487,PA5,15
